timeStamp,elapsed,label,responseCode,responseMessage,threadName,dataType,success,failureMessage,bytes,sentBytes,grpThreads,allThreads,URL,Latency,IdleTime,Connect
1630175511437,1091,HomePage User: 1,200,OK,Users 1-1,text,false,"The operation lasted too long: It took 1,091 milliseconds, but should not have lasted longer than 1,000 milliseconds.",70517,117,4,4,https://lecturenotes.in/,1031,0,942
1630175511637,891,HomePage User: 2,200,OK,Users 1-2,text,true,,70449,117,4,4,https://lecturenotes.in/,831,0,742
1630175512297,258,HomePage User: 4,200,OK,Users 1-4,text,true,,70479,117,2,2,https://lecturenotes.in/,193,0,116
1630175511965,749,HomePage User: 3,200,OK,Users 1-3,text,true,,70439,117,2,2,https://lecturenotes.in/,530,0,454
1630175512627,237,HomePage User: 5,200,OK,Users 1-5,text,true,,70433,117,1,1,https://lecturenotes.in/,161,0,102
1630175512959,245,HomePage User: 6,200,OK,Users 1-6,text,true,,70471,117,1,1,https://lecturenotes.in/,181,0,105
1630175513294,231,HomePage User: 7,200,OK,Users 1-7,text,true,,70465,117,1,1,https://lecturenotes.in/,171,0,94
1630175513627,260,HomePage User: 8,200,OK,Users 1-8,text,true,,70470,117,1,1,https://lecturenotes.in/,181,0,104
1630175513960,261,HomePage User: 9,200,OK,Users 1-9,text,true,,70429,117,1,1,https://lecturenotes.in/,181,0,102
1630175514292,240,HomePage User: 10,200,OK,Users 1-10,text,true,,70451,117,1,1,https://lecturenotes.in/,180,0,103
1630175514623,243,HomePage User: 11,200,OK,Users 1-11,text,true,,70471,117,1,1,https://lecturenotes.in/,166,0,105
1630175514957,241,HomePage User: 12,200,OK,Users 1-12,text,true,,70439,117,1,1,https://lecturenotes.in/,165,0,105
1630175515291,251,HomePage User: 13,200,OK,Users 1-13,text,true,,70454,117,1,1,https://lecturenotes.in/,173,0,112
1630175515628,235,HomePage User: 14,200,OK,Users 1-14,text,true,,70454,117,1,1,https://lecturenotes.in/,158,0,100
1630175515957,246,HomePage User: 15,200,OK,Users 1-15,text,true,,70431,117,1,1,https://lecturenotes.in/,192,0,102
1630175516289,300,HomePage User: 16,200,OK,Users 1-16,text,true,,70495,117,1,1,https://lecturenotes.in/,259,0,114
1630175516620,242,HomePage User: 17,200,OK,Users 1-17,text,true,,70454,117,1,1,https://lecturenotes.in/,165,0,102
1630175516955,260,HomePage User: 18,200,OK,Users 1-18,text,true,,70464,117,1,1,https://lecturenotes.in/,182,0,107
1630175517286,240,HomePage User: 19,200,OK,Users 1-19,text,true,,70507,117,1,1,https://lecturenotes.in/,162,0,101
1630175517620,243,HomePage User: 20,200,OK,Users 1-20,text,true,,70434,117,1,1,https://lecturenotes.in/,176,0,99
1630175517953,238,HomePage User: 21,200,OK,Users 1-21,text,true,,70450,117,1,1,https://lecturenotes.in/,178,0,102
1630175518286,238,HomePage User: 22,200,OK,Users 1-22,text,true,,70480,117,1,1,https://lecturenotes.in/,161,0,101
1630175518619,250,HomePage User: 23,200,OK,Users 1-23,text,true,,70471,117,1,1,https://lecturenotes.in/,177,0,100
1630175518952,239,HomePage User: 24,200,OK,Users 1-24,text,true,,70532,117,1,1,https://lecturenotes.in/,174,0,98
1630175519285,238,HomePage User: 25,200,OK,Users 1-25,text,true,,70429,117,1,1,https://lecturenotes.in/,177,0,101
1630175519618,227,HomePage User: 26,200,OK,Users 1-26,text,true,,70454,117,1,1,https://lecturenotes.in/,150,0,86
1630175519950,277,HomePage User: 27,200,OK,Users 1-27,text,true,,70455,117,1,1,https://lecturenotes.in/,179,0,102
1630175520283,239,HomePage User: 28,200,OK,Users 1-28,text,true,,70508,117,1,1,https://lecturenotes.in/,180,0,103
1630175520618,237,HomePage User: 29,200,OK,Users 1-29,text,true,,70449,117,1,1,https://lecturenotes.in/,160,0,100
1630175520949,426,HomePage User: 30,200,OK,Users 1-30,text,true,,70469,117,1,1,https://lecturenotes.in/,231,0,97
